{
  "clientArr": [
    "b8709780"
  ],
  "enable": false,
  "scrapeFree": false,
  "scrapeHr": false,
  "autoReseed": false,
  "onlyReseed": false,
  "maxSleepTime": 600,
  "skipSameTorrent": false,
  "pushTorrentFile": false,
  "cron": "* * * * *",
  "addCountPerHour": "",
  "pushNotify": false,
  "acceptRules": [],
  "rejectRules": [],
  "reseedClients": [],
  "rssUrls": [
    "这里填上你的 RSS 地址"
  ],
  "alias": "19.影",
  "clientSortBy": "uploadSpeed",
  "uploadLimit": "50",
  "uploadLimitUnit": "MiB",
  "downloadLimitUnit": "MiB",
  "downloadLimit": "0",
  "category": "YING",
  "id": "1194fd7b"
}