{
  "clientArr": [
    "147ce5e6"
  ],
  "enable": false,
  "scrapeFree": false,
  "scrapeHr": false,
  "autoReseed": false,
  "onlyReseed": false,
  "maxSleepTime": 600,
  "skipSameTorrent": false,
  "pushTorrentFile": false,
  "cron": "* * * * *",
  "addCountPerHour": "300",
  "pushNotify": false,
  "acceptRules": [],
  "rejectRules": [],
  "reseedClients": [],
  "rssUrls": [
    "自己的RSS"
  ],
  "alias": "48.聆音",
  "clientSortBy": "uploadSpeed",
  "uploadLimit": "30",
  "uploadLimitUnit": "MiB",
  "downloadLimit": "0",
  "category": "SV",
  "id": "14eb7e96",
  "sameServerClients": []
}