{
  "clientArr": [
    "147ce5e6"
  ],
  "enable": false,
  "scrapeFree": false,
  "scrapeHr": false,
  "autoReseed": false,
  "onlyReseed": false,
  "maxSleepTime": "600",
  "skipSameTorrent": true,
  "pushTorrentFile": false,
  "cron": "*/6 * * * *",
  "addCountPerHour": "600",
  "pushNotify": false,
  "acceptRules": [],
  "rejectRules": [],
  "reseedClients": [],
  "rssUrls": [
    "填入自己的RSS"
  ],
  "alias": "01.馒头(需开V）",
  "clientSortBy": "uploadSpeed",
  "uploadLimit": "0",
  "downloadLimit": "0",
  "category": "MTV",
  "id": "2a6fceb9",
  "sameServerClients": []
}