{
  "clientArr": [
    "147ce5e6"
  ],
  "enable": false,
  "scrapeFree": false,
  "scrapeHr": false,
  "autoReseed": false,
  "onlyReseed": false,
  "maxSleepTime": "600",
  "skipSameTorrent": false,
  "pushTorrentFile": false,
  "cron": "* * * * *",
  "addCountPerHour": "600",
  "pushNotify": false,
  "acceptRules": [],
  "rejectRules": [],
  "reseedClients": [],
  "rssUrls": [
    "填入自己的RSS"
  ],
  "alias": "34.老师",
  "clientSortBy": "uploadSpeed",
  "uploadLimit": "12",
  "uploadLimitUnit": "MiB",
  "downloadLimit": "0",
  "category": "KEEP",
  "id": "2b5b08b9",
  "sameServerClients": [],
  "paused": true
}