{
  "clientArr": [
    "147ce5e6"
  ],
  "enable": false,
  "scrapeFree": false,
  "scrapeHr": false,
  "autoReseed": false,
  "onlyReseed": false,
  "maxSleepTime": "600",
  "skipSameTorrent": false,
  "cron": "* * * * *",
  "addCountPerHour": "600",
  "pushNotify": false,
  "acceptRules": [],
  "rejectRules": [],
  "reseedClients": [],
  "rssUrls": [
    "替换自己的RSS链接"
  ],
  "alias": "33.铂金家",
  "clientSortBy": "uploadSpeed",
  "uploadLimit": "80",
  "uploadLimitUnit": "MiB",
  "downloadLimit": "0",
  "cookie": "替换自己的Cookie！！！！！！！！！！！！！！！！！！！！！！！！！！！！！！！！！！！！！！！！！！！！！！！！！！！！！！！！！！！！！！！！！！！！！！",
  "category": "KEEP",
  "id": "2f7737df",
  "sameServerClients": [],
  "pushTorrentFile": false,
  "paused": true
}