{
  "clientArr": [
    "147ce5e6"
  ],
  "enable": false,
  "scrapeFree": false,
  "scrapeHr": false,
  "autoReseed": false,
  "onlyReseed": false,
  "maxSleepTime": 600,
  "skipSameTorrent": false,
  "pushTorrentFile": false,
  "cron": "* * * * *",
  "addCountPerHour": "600",
  "pushNotify": false,
  "acceptRules": [],
  "rejectRules": [],
  "reseedClients": [],
  "rssUrls": [
    "填入自己的RSS"
  ],
  "alias": "06.朱雀",
  "clientSortBy": "uploadSpeed",
  "uploadLimit": "50",
  "uploadLimitUnit": "MiB",
  "downloadLimit": "0",
  "category": "ZQ",
  "id": "33745bc8",
  "sameServerClients": []
}