{
  "clientArr": [
    "b8709780"
  ],
  "enable": false,
  "scrapeFree": false,
  "scrapeHr": false,
  "autoReseed": false,
  "onlyReseed": false,
  "maxSleepTime": 600,
  "skipSameTorrent": false,
  "pushTorrentFile": false,
  "cron": "*/2 * * * *",
  "addCountPerHour": "600",
  "pushNotify": false,
  "acceptRules": [],
  "rejectRules": [],
  "reseedClients": [],
  "rssUrls": [
    "自己的RSS！"
  ],
  "alias": "15.憨憨-甲骨文阻断🙅",
  "clientSortBy": "uploadSpeed",
  "uploadLimit": "95",
  "downloadLimit": "0",
  "category": "HH",
  "id": "39cab8a7",
  "sameServerClients": [],
  "uploadLimitUnit": "MiB",
  "cookie": "填写自己的Cookie！！！！！！！！！！！！！！！！！！！！！！！！！！！！！！！！！！！！！！！！！！！！！！！！！！！！！！！"
}