{
  "clientArr": [
    "b8709780"
  ],
  "enable": false,
  "scrapeFree": false,
  "scrapeHr": true,
  "autoReseed": false,
  "onlyReseed": false,
  "maxSleepTime": 600,
  "skipSameTorrent": false,
  "pushTorrentFile": false,
  "cron": "* * * * *",
  "addCountPerHour": "600",
  "pushNotify": false,
  "acceptRules": [],
  "rejectRules": [],
  "reseedClients": [],
  "rssUrls": [
    "填入的RSS"
  ],
  "alias": "21.猪猪-甲骨文阻断🙅",
  "clientSortBy": "uploadSpeed",
  "uploadLimit": "35",
  "downloadLimit": "0",
  "category": "PIG",
  "id": "3a79d5b8",
  "sameServerClients": [],
  "cookie": "填写自己的Cookie！！！！！！！！！！！！！！！！！！！！！！！！！！！！！！！！！！！！！！！！！！！！！！！！！！！！！！！",
  "uploadLimitUnit": "MiB"
}