{
  "clientArr": [
    "147ce5e6"
  ],
  "enable": false,
  "scrapeFree": false,
  "scrapeHr": false,
  "autoReseed": false,
  "onlyReseed": false,
  "maxSleepTime": "300",
  "skipSameTorrent": true,
  "cron": "* * * * *",
  "addCountPerHour": "600",
  "pushNotify": false,
  "acceptRules": [],
  "rejectRules": [
    "97eb55c2"
  ],
  "reseedClients": [],
  "rssUrls": [
    "替换自己的RSS链接"
  ],
  "alias": "11.彩虹岛复活区",
  "clientSortBy": "uploadSpeed",
  "uploadLimit": "95",
  "uploadLimitUnit": "MiB",
  "downloadLimit": "0",
  "downloadLimitUnit": "MiB",
  "category": "CHD",
  "id": "3ab05634",
  "sameServerClients": [],
  "pushTorrentFile": false
}