{
  "clientArr": [
    "147ce5e6"
  ],
  "enable": false,
  "scrapeFree": false,
  "scrapeHr": false,
  "autoReseed": false,
  "onlyReseed": false,
  "maxSleepTime": "600",
  "skipSameTorrent": true,
  "pushTorrentFile": false,
  "cron": "* * * * *",
  "addCountPerHour": "600",
  "pushNotify": false,
  "acceptRules": [],
  "rejectRules": [],
  "reseedClients": [],
  "rssUrls": [
    "填入自己的RSS"
  ],
  "alias": "02.天空（需开V）",
  "clientSortBy": "uploadSpeed",
  "cookie": "",
  "uploadLimit": "0",
  "uploadLimitUnit": "MiB",
  "downloadLimit": "0",
  "category": "HDSKY",
  "id": "4d861e30",
  "sameServerClients": []
}