{
  "clientArr": [
    "b8709780"
  ],
  "enable": false,
  "scrapeFree": false,
  "scrapeHr": false,
  "autoReseed": false,
  "onlyReseed": false,
  "maxSleepTime": "600",
  "skipSameTorrent": false,
  "pushTorrentFile": false,
  "cron": "* * * * *",
  "addCountPerHour": "600",
  "pushNotify": false,
  "acceptRules": [],
  "rejectRules": [],
  "reseedClients": [],
  "rssUrls": [
    "填入自己的RSS"
  ],
  "alias": "12.观众-甲骨文阻断🙅",
  "clientSortBy": "uploadSpeed",
  "uploadLimit": "95",
  "downloadLimit": "0",
  "category": "AUD",
  "id": "4f5c0eda",
  "sameServerClients": [],
  "uploadLimitUnit": "MiB"
}