{
  "clientArr": [
    "147ce5e6"
  ],
  "enable": false,
  "scrapeFree": false,
  "scrapeHr": false,
  "autoReseed": false,
  "onlyReseed": false,
  "maxSleepTime": 600,
  "skipSameTorrent": true,
  "pushTorrentFile": false,
  "cron": "* * * * *",
  "addCountPerHour": "100",
  "pushNotify": false,
  "acceptRules": [],
  "rejectRules": [],
  "reseedClients": [],
  "rssUrls": [
    "填上你的 RSS 连接"
  ],
  "alias": "54.LSP",
  "clientSortBy": "uploadSpeed",
  "uploadLimit": "50",
  "uploadLimitUnit": "MiB",
  "downloadLimitUnit": "MiB",
  "downloadLimit": "0",
  "category": "LSP",
  "id": "7222cb13",
  "sameServerClients": []
}