{
  "clientArr": [
    "147ce5e6"
  ],
  "enable": false,
  "scrapeFree": false,
  "scrapeHr": false,
  "autoReseed": false,
  "onlyReseed": false,
  "maxSleepTime": 600,
  "skipSameTorrent": false,
  "pushTorrentFile": false,
  "cron": "* * * * *",
  "addCountPerHour": "600",
  "pushNotify": false,
  "acceptRules": [],
  "rejectRules": [],
  "reseedClients": [],
  "rssUrls": [
    "替换自己的RSS链接"
  ],
  "alias": "05.红叶",
  "clientSortBy": "uploadSpeed",
  "uploadLimit": "0",
  "uploadLimitUnit": "MiB",
  "downloadLimit": "0",
  "downloadLimitUnit": "MiB",
  "category": "RL",
  "id": "7ec82645",
  "sameServerClients": []
}