{
  "clientArr": [
    "147ce5e6"
  ],
  "enable": false,
  "scrapeFree": false,
  "scrapeHr": false,
  "autoReseed": false,
  "onlyReseed": false,
  "maxSleepTime": 600,
  "skipSameTorrent": false,
  "pushTorrentFile": false,
  "cron": "* * * * *",
  "addCountPerHour": "600",
  "pushNotify": false,
  "acceptRules": [],
  "rejectRules": [],
  "reseedClients": [],
  "rssUrls": [
    "填入RSS"
  ],
  "alias": "33.好大",
  "clientSortBy": "uploadSpeed",
  "cookie": "",
  "uploadLimit": "0",
  "uploadLimitUnit": "MiB",
  "downloadLimit": "0",
  "category": "HD",
  "id": "88f0055b",
  "sameServerClients": []
}