{
  "clientArr": [
    "147ce5e6"
  ],
  "enable": false,
  "scrapeFree": false,
  "scrapeHr": false,
  "autoReseed": false,
  "onlyReseed": false,
  "maxSleepTime": "600",
  "skipSameTorrent": false,
  "cron": "* * * * *",
  "addCountPerHour": "600",
  "pushNotify": false,
  "acceptRules": [
    "87bf9c6e"
  ],
  "rejectRules": [],
  "reseedClients": [],
  "rssUrls": [
    "替换自己的RSS链接"
  ],
  "alias": "04.TTG（需开V）",
  "clientSortBy": "uploadSpeed",
  "uploadLimit": "95",
  "uploadLimitUnit": "MiB",
  "downloadLimit": "0",
  "downloadLimitUnit": "MiB",
  "id": "8a779a26",
  "sameServerClients": [],
  "cookie": "",
  "category": "TTG",
  "sleepTime": "",
  "pushTorrentFile": false
}