{
  "clientArr": [
    "147ce5e6"
  ],
  "enable": false,
  "scrapeFree": false,
  "scrapeHr": false,
  "autoReseed": false,
  "onlyReseed": false,
  "maxSleepTime": "600",
  "skipSameTorrent": false,
  "cron": "* * * * *",
  "addCountPerHour": "600",
  "pushNotify": false,
  "acceptRules": [],
  "rejectRules": [],
  "reseedClients": [],
  "rssUrls": [
    "替换自己的RSS链接"
  ],
  "alias": "36.海棠",
  "clientSortBy": "uploadSpeed",
  "uploadLimit": "95",
  "downloadLimit": "0",
  "uploadLimitUnit": "MiB",
  "downloadLimitUnit": "MiB",
  "category": "HT",
  "id": "8c379334",
  "sameServerClients": [],
  "maxClientUploadSpeed": "0",
  "maxClientUploadSpeedUnit": "MiB",
  "maxClientDownloadSpeed": "0",
  "maxClientDownloadSpeedUnit": "MiB",
  "pushTorrentFile": false
}