{
  "clientArr": [
    "147ce5e6"
  ],
  "enable": false,
  "scrapeFree": false,
  "scrapeHr": false,
  "autoReseed": false,
  "onlyReseed": false,
  "maxSleepTime": "300",
  "skipSameTorrent": true,
  "cron": "* * * * *",
  "addCountPerHour": "600",
  "pushNotify": false,
  "acceptRules": [
    "97eb55c2"
  ],
  "rejectRules": [
    "f46ff44b"
  ],
  "reseedClients": [],
  "rssUrls": [
    "替换自己的RSS链接,有V就全RSS，没V有黄星就开抓免不开排除HR，没V没黄星就开抓免开排除HR"
  ],
  "alias": "03.彩虹岛(需开V)",
  "clientSortBy": "uploadSpeed",
  "uploadLimit": "95",
  "uploadLimitUnit": "MiB",
  "downloadLimit": "0",
  "downloadLimitUnit": "MiB",
  "category": "CHD",
  "id": "8d4357e0",
  "sameServerClients": [],
  "pushTorrentFile": false
}