{
  "clientArr": [
    "b8709780"
  ],
  "enable": false,
  "scrapeFree": false,
  "scrapeHr": false,
  "autoReseed": false,
  "onlyReseed": false,
  "maxSleepTime": "600",
  "skipSameTorrent": false,
  "pushTorrentFile": false,
  "cron": "* * * * *",
  "addCountPerHour": "20",
  "pushNotify": false,
  "acceptRules": [],
  "rejectRules": [],
  "reseedClients": [],
  "rssUrls": [
    "填入自己的RSS"
  ],
  "alias": "13.我堡-甲骨文阻断🙅",
  "clientSortBy": "uploadSpeed",
  "uploadLimit": "60",
  "downloadLimit": "0",
  "category": "OB",
  "id": "936785c1",
  "sameServerClients": [],
  "uploadLimitUnit": "MiB",
  "cookie": "填入自己的Cookie！！！！！！！！！！！！！！！！！！！！！！！！！！！！！！！！！！！！！！！！！！！！！！！！！！！！！！！！！！！！！！！！！"
}