{
  "clientArr": [
    "147ce5e6"
  ],
  "enable": false,
  "scrapeFree": false,
  "scrapeHr": false,
  "autoReseed": false,
  "onlyReseed": false,
  "maxSleepTime": "600",
  "skipSameTorrent": false,
  "pushTorrentFile": false,
  "cron": "* * * * *",
  "addCountPerHour": "600",
  "pushNotify": false,
  "acceptRules": [],
  "rejectRules": [],
  "reseedClients": [],
  "rssUrls": [
    "填入自己的RSS"
  ],
  "alias": "31.北洋园",
  "clientSortBy": "uploadSpeed",
  "uploadLimit": "60",
  "downloadLimit": "100",
  "uploadLimitUnit": "MiB",
  "category": "TJU",
  "id": "c948f382",
  "sameServerClients": [],
  "downloadLimitUnit": "MiB"
}