{
  "clientArr": [
    "147ce5e6"
  ],
  "enable": false,
  "scrapeFree": false,
  "scrapeHr": false,
  "autoReseed": false,
  "onlyReseed": false,
  "maxSleepTime": "600",
  "skipSameTorrent": false,
  "pushTorrentFile": false,
  "cron": "* * * * *",
  "addCountPerHour": "600",
  "pushNotify": false,
  "acceptRules": [],
  "rejectRules": [],
  "reseedClients": [],
  "rssUrls": [
    "填写自己的RSS"
  ],
  "alias": "42.IPT",
  "clientSortBy": "uploadSpeed",
  "uploadLimit": "0",
  "downloadLimit": "0",
  "category": "IPT",
  "id": "ca147ffb",
  "sameServerClients": []
}