{
  "clientArr": [
    "147ce5e6"
  ],
  "enable": false,
  "scrapeFree": true,
  "scrapeHr": false,
  "autoReseed": false,
  "onlyReseed": false,
  "maxSleepTime": 600,
  "skipSameTorrent": false,
  "pushTorrentFile": false,
  "cron": "* * * * *",
  "addCountPerHour": "600",
  "pushNotify": false,
  "acceptRules": [],
  "rejectRules": [],
  "reseedClients": [],
  "rssUrls": [
    "填入自己的RSS"
  ],
  "alias": "40.碟粉",
  "clientSortBy": "uploadSpeed",
  "cookie": "填入自己的Cookie！！！！！！！！！！！！！！！！！！！！！！！！！！！！！！！！！！！！！！！！！！！！！！！！！！！！！！！！！！！！！！！！！！！！！！！！！",
  "uploadLimit": "95",
  "uploadLimitUnit": "MiB",
  "downloadLimit": "0",
  "category": "DF",
  "id": "d690f14f",
  "sameServerClients": []
}