{
  "clientArr": [
    "b8709780"
  ],
  "enable": false,
  "scrapeFree": false,
  "scrapeHr": false,
  "autoReseed": false,
  "onlyReseed": false,
  "maxSleepTime": "600",
  "skipSameTorrent": false,
  "pushTorrentFile": false,
  "cron": "* * * * *",
  "addCountPerHour": "600",
  "pushNotify": false,
  "acceptRules": [],
  "rejectRules": [],
  "reseedClients": [],
  "rssUrls": [
    "填写自己的RSS"
  ],
  "alias": "14.家园-甲骨文阻断🙅",
  "uploadLimit": "0",
  "downloadLimit": "0",
  "category": "HDH",
  "clientSortBy": "uploadSpeed",
  "id": "e6b24eae",
  "sameServerClients": []
}