{
  "clientArr": [
    "147ce5e6"
  ],
  "enable": false,
  "scrapeFree": true,
  "scrapeHr": false,
  "autoReseed": false,
  "onlyReseed": false,
  "maxSleepTime": 600,
  "skipSameTorrent": false,
  "pushTorrentFile": false,
  "cron": "* * * * *",
  "addCountPerHour": "100",
  "pushNotify": false,
  "acceptRules": [],
  "rejectRules": [],
  "reseedClients": [],
  "rssUrls": [
    "这里填上你的 RSS 地址"
  ],
  "alias": "10.皇后",
  "clientSortBy": "uploadSpeed",
  "cookie": "这里填上你的 cookie",
  "uploadLimit": "95",
  "uploadLimitUnit": "MiB",
  "downloadLimit": "0",
  "savePath": "",
  "category": "keep",
  "id": "f0175c63"
}