{
  "clientArr": [
    "147ce5e6"
  ],
  "enable": false,
  "scrapeFree": false,
  "scrapeHr": false,
  "autoReseed": false,
  "onlyReseed": false,
  "maxSleepTime": "9999999999",
  "skipSameTorrent": false,
  "pushTorrentFile": false,
  "cron": "*/6 * * * *",
  "addCountPerHour": "600",
  "pushNotify": false,
  "acceptRules": [],
  "rejectRules": [],
  "reseedClients": [],
  "rssUrls": [
    "填入自己的RSS"
  ],
  "alias": "43.PTT",
  "clientSortBy": "uploadSpeed",
  "uploadLimit": "70",
  "uploadLimitUnit": "MiB",
  "downloadLimit": "0",
  "category": "PTT",
  "id": "f0dd9c5f",
  "sameServerClients": []
}