{
  "clientArr": [
    "b8709780"
  ],
  "enable": false,
  "scrapeFree": false,
  "scrapeHr": false,
  "autoReseed": false,
  "onlyReseed": false,
  "maxSleepTime": "600",
  "skipSameTorrent": false,
  "cron": "* * * * *",
  "addCountPerHour": "600",
  "pushNotify": false,
  "acceptRules": [],
  "rejectRules": [],
  "reseedClients": [],
  "rssUrls": [
    "替换自己的RSS链接"
  ],
  "alias": "16.猫-甲骨文阻断🙅",
  "uploadLimit": "0",
  "downloadLimit": "0",
  "category": "CAT",
  "clientSortBy": "uploadSpeed",
  "id": "f6f98712",
  "sameServerClients": [],
  "pushTorrentFile": false
}