{
  "pushNotify": false,
  "pushMonitor": false,
  "spaceAlarm": false,
  "cron": "*/4 * * * * *",
  "autoDeleteCron": "* * * * *",
  "autoReannounce": true,
  "autoDelete": true,
  "deleteRules": [
    "7ebf39f7",
    "c3d3b7e4",
    "04f88ceb",
    "62947ff1",
    "1c93d24c",
    "1ee7e199",
    "10306d88",
    "55bb06cf",
    "604c8a7d",
    "0e3025ff",
    "68089d09",
    "98f9eec5",
    "e8e9c9e0"
  ],
  "sameServerClients": [
    "147ce5e6"
  ],
  "alias": "01-甲骨文(本机)",
  "username": "felens",
  "password": "本机无需输入密码",
  "clientUrl": "http://127.0.0.1:3162",
  "enable": true,
  "type": "qBittorrent",
  "id": "147ce5e6",
  "used": true,
  "status": false,
  "allTimeUpload": 105986371634538,
  "allTimeDownload": 7824397849900,
  "uploadSpeed": 2686921,
  "downloadSpeed": 0,
  "leechingCount": 0,
  "seedingCount": 1,
  "minFreeSpace": "5",
  "minFreeSpaceUnit": "GiB",
  "firstLastPiecePrio": false,
  "maxLeechNum": "10"
}