{
  "id": "58c64736",
  "alias": "02-小硬盘(其它)",
  "host": "",
  "username": "ekoracle",
  "password": "替换自己的qb密码",
  "port": "",
  "enable": false,
  "pushNotify": false,
  "pushMonitor": false,
  "spaceAlarm": false,
  "firstLastPiecePrio": true,
  "cron": "*/4 * * * * *",
  "autoDeleteCron": "* * * * *",
  "autoReannounce": true,
  "autoDelete": false,
  "deleteRules": [],
  "type": "qBittorrent",
  "clientUrl": "http://xxx.xxx.xxx.xxx:3162【xxx替换为自己盒子的ip地址】",
  "minFreeSpace": "",
  "minFreeSpaceUnit": "GiB",
  "sameServerClients": [
    "b8709780",
    "58c64736"
  ],
  "used": false,
  "status": false,
  "allTimeUpload": 4371621036861,
  "allTimeDownload": 181301677195,
  "uploadSpeed": 0,
  "downloadSpeed": 0,
  "leechingCount": 0,
  "seedingCount": 1,
  "maxLeechNum": "30"
}