{
  "id": "b8709780",
  "alias": "03-yunfei特调甲骨文盒子",
  "host": "",
  "username": "替换自己的QB用户名",
  "password": "替换自己的QB密码",
  "port": "",
  "enable": true,
  "pushNotify": false,
  "pushMonitor": false,
  "spaceAlarm": false,
  "firstLastPiecePrio": true,
  "cron": "*/4 * * * * *",
  "autoDeleteCron": "* * * * *",
  "autoReannounce": true,
  "autoDelete": false,
  "deleteRules": [],
  "type": "qBittorrent",
  "clientUrl": "上面的地址，删除后面的【】及里面的文字可以启动",
  "minFreeSpace": "",
  "minFreeSpaceUnit": "GiB",
  "sameServerClients": [
    "b8709780"
  ],
  "used": true,
  "status": false,
  "allTimeUpload": 4371621036861,
  "allTimeDownload": 181301677195,
  "uploadSpeed": 0,
  "downloadSpeed": 0,
  "leechingCount": 0,
  "seedingCount": 1,
  "maxLeechNum": "30"
}