{
  "id": "c6157db7",
  "alias": "04-云飞",
  "host": "",
  "username": "替换自己QB的用户名",
  "password": "替换自己QB的密码",
  "port": "",
  "enable": false,
  "pushNotify": false,
  "pushMonitor": false,
  "spaceAlarm": false,
  "firstLastPiecePrio": true,
  "cron": "*/4 * * * * *",
  "autoDeleteCron": "* * * * *",
  "autoReannounce": true,
  "autoDelete": false,
  "deleteRules": [],
  "type": "qBittorrent",
  "clientUrl": "购买盒子咨询，云飞",
  "minFreeSpace": "10",
  "minFreeSpaceUnit": "GiB",
  "sameServerClients": [
    "c6157db7"
  ],
  "used": false,
  "status": false,
  "maxLeechNum": "30"
}