{
  "username": "felens",
  "apiKey": "",
  "theme": "light",
  "dashboardContent": [
    "tracker",
    "server",
    "downloader"
  ],
  "trustAllCerts": true,
  "trustVertexPanel": true,
  "ignoreError": true,
  "menu": [
    "/metric/site",
    "/metric/server",
    "/base/site",
    "/base/server",
    "/base/notification",
    "/rule/select",
    "/rule/link",
    "/task/subscribe",
    "/task/watchCategory",
    "/task/script",
    "/task/link",
    "/task/bulkLink",
    "/subscribe",
    "/subscribe/list",
    "/subscribe/search",
    "/subscribe/add",
    "/mix",
    "/mix/search",
    "/mix/downloader",
    "/history/subscribe",
    "/history/watchCategory",
    "/tool/mikanHistory",
    "/tool/networkTest",
    "/tool/mteamLogin",
    "/tool/hosts",
    "/tool/proxy",
    "/tool/pathGenerator",
    "/guide",
    "/guide/rss",
    "/guide/subscribe",
    "/setting/interaction",
    "/info/about"
  ],
  "password": "c14a137c23058cf86c3ccb470200d96e"
}