{
  "id": "0e3025ff",
  "conditions": [
    {
      "key": "category",
      "compareType": "contain",
      "value": "IPT,TL,FL"
    },
    {
      "key": "ratio3",
      "compareType": "bigger",
      "value": "1.1"
    },
    {
      "key": "uploadSpeed",
      "compareType": "smaller",
      "value": "1*1024*1024"
    },
    {
      "key": "freeSpace",
      "compareType": "smaller",
      "value": "1024*1024*1024*150"
    }
  ],
  "alias": "IPT TL FL满足1.1Ratio HR删种",
  "type": "normal",
  "priority": 0,
  "code": "(maindata, torrent) => {\n  return false;\n}",
  "deleteNum": "1",
  "used": true
}