{
  "id": "10306d88",
  "conditions": [
    {
      "key": "freeSpace",
      "compareType": "smaller",
      "value": "1024*1024*1024*10"
    },
    {
      "key": "progress",
      "compareType": "bigger",
      "value": "0.1"
    },
    {
      "key": "category",
      "compareType": "notContain",
      "value": "KEEP,keep"
    },
    {
      "key": "uploadSpeed",
      "compareType": "smaller",
      "value": "1024*1024*130"
    }
  ],
  "code": "(maindata, torrent) => {\n  return false;\n}",
  "alias": "Oracle-剩余空间10g上传小于130M",
  "type": "normal",
  "deleteNum": "1",
  "used": false,
  "fitTime": "5"
}