{
  "id": "1c93d24c",
  "conditions": [
    {
      "key": "progress",
      "compareType": "bigger",
      "value": "0.1"
    },
    {
      "key": "uploadSpeed",
      "compareType": "smaller",
      "value": "8*1024*1024"
    },
    {
      "key": "category",
      "compareType": "notContain",
      "value": "KEEP,keep"
    },
    {
      "key": "freeSpace",
      "compareType": "smaller",
      "value": "30*1024*1024*1024"
    }
  ],
  "alias": "Oracle-剩余空间30g上传小于8M\t",
  "type": "normal",
  "priority": 0,
  "code": "(maindata, torrent) => {\n  return false;\n}",
  "fitTime": "5",
  "used": false,
  "deleteNum": "1"
}