{
  "id": "5fd1fe32",
  "conditions": [
    {
      "key": "",
      "compareType": "",
      "value": ""
    }
  ],
  "alias": "慢车（删种厉害谨慎选择）",
  "type": "javascript",
  "priority": 0,
  "code": "(maindata, torrent) => {\n  const categoryList = [\"keep\",\"KEEP\"];\n  const stateList = [\"downloading\", \"stalledDL\"];\n  const { state, uploadSpeed, progress, category, leecher } = torrent;\n  if (categoryList.indexOf(category) !== -1) {\n    return false;\n  }\n  if (\n    (moment().hour() >= 0 && moment().hour() <= 8) ||\n    maindata.leechingCount <= 10 ||\n    leecher >= 100\n  ) {\n    return false;\n  }\n  if (\n    stateList.indexOf(state) !== -1 &&\n    uploadSpeed <= util.calSize(250, \"KiB\") &&\n    progress >= 0.1\n  ) {\n    return true;\n  }\n\n  return false;\n};\n",
  "fitTime": "40",
  "used": false
}