{
  "id": "604c8a7d",
  "conditions": [
    {
      "key": "category",
      "compareType": "contain",
      "value": "MTV"
    },
    {
      "key": "progress",
      "compareType": "equals",
      "value": "1"
    },
    {
      "key": "ratio3",
      "compareType": "bigger",
      "value": "3.5"
    },
    {
      "key": "addedTime",
      "compareType": "smaller",
      "value": "3*60*60*24"
    }
  ],
  "alias": "超3倍删种-馒",
  "type": "normal",
  "priority": 0,
  "code": "(maindata, torrent) => {\n  return false;\n}",
  "deleteNum": "2"
}