{
  "id": "68089d09",
  "conditions": [
    {
      "key": "addedTime",
      "compareType": "bigger",
      "value": "24*3600"
    },
    {
      "key": "progress",
      "compareType": "smaller",
      "value": "1"
    },
    {
      "key": "uploadSpeed",
      "compareType": "smaller",
      "value": "1024*1024"
    },
    {
      "key": "category",
      "compareType": "notContain",
      "value": "keep,KEEP"
    }
  ],
  "alias": "24小时还没下载完",
  "type": "normal",
  "priority": 0,
  "code": "(maindata, torrent) => {\n  return false;\n}",
  "fitTime": "120",
  "deleteNum": "1"
}