{
  "id": "7ebf39f7",
  "conditions": [
    {
      "key": "progress",
      "compareType": "equals",
      "value": "0"
    },
    {
      "key": "category",
      "compareType": "notContain",
      "value": "KEEP,keep"
    },
    {
      "key": "addedTime",
      "compareType": "bigger",
      "value": "3*3600"
    },
    {
      "key": "uploadSpeed",
      "compareType": "smaller",
      "value": "50*1024"
    }
  ],
  "alias": "3小时不开车（防死种）",
  "type": "normal",
  "priority": 0,
  "code": "(maindata, torrent) => {\n  return false;\n}",
  "used": true
}