{
  "id": "98f9eec5",
  "conditions": [
    {
      "key": "",
      "compareType": "",
      "value": ""
    }
  ],
  "alias": "黑车（下载是上传10倍持续120秒删除）",
  "type": "javascript",
  "priority": 0,
  "code": "(maindata, torrent) => {\n  const categoryList = [\"keep\",\"KEEP\"];\n  const { state, category, uploadSpeed, downloadSpeed } = torrent;\n  if (categoryList.indexOf(category) !== -1) {\n    return false;\n  }\n  if (\n    state == \"downloading\" &&\n    downloadSpeed >= util.calSize(10, \"MiB\") &&\n    downloadSpeed / uploadSpeed >= 10\n  ) {\n    return true;\n  }\n\n  return false;\n};\n",
  "fitTime": "120",
  "used": false,
  "deleteNum": "1"
}