{
  "id": "bc249f01",
  "conditions": [
    {
      "key": "",
      "compareType": "",
      "value": ""
    }
  ],
  "alias": "低收益（删种厉害，谨慎选择）",
  "type": "javascript",
  "code": "(maindata, torrent) => {\n  const categoryList = [\"keep\",\"KEEP\"];\n  const stateList = [\"downloading\", \"stalledDL\"];\n  const { state, ratio, progress, category, uploadSpeed, downloadSpeed } =\n    torrent;\n  if (categoryList.indexOf(category) !== -1 || maindata.leechingCount <= 10) {\n    return false;\n  }\n  if (\n    stateList.indexOf(state) !== -1 &&\n    progress >= 0.2 &&\n    progress <= 0.3 &&\n    ratio <= 0.4 &&\n    uploadSpeed <= util.calSize(1, \"MiB\")\n  ) {\n    return true;\n  }\n\n  return false;\n};",
  "used": false
}