{
  "id": "bcd0d3ee",
  "conditions": [
    {
      "key": "completedTime",
      "compareType": "bigger",
      "value": "75600"
    },
    {
      "key": "category",
      "compareType": "contain",
      "value": "BTS"
    },
    {
      "key": "uploadSpeed",
      "compareType": "smaller",
      "value": "100*1024"
    }
  ],
  "alias": "甲骨文-学校21小时删种",
  "type": "normal",
  "priority": 0,
  "code": "(maindata, torrent) => {\n  return false;\n}",
  "pause": false,
  "used": true,
  "fitTime": "120"
}