{
  "id": "e8e9c9e0",
  "conditions": [
    {
      "key": "downloadSpeed",
      "compareType": "bigger",
      "value": "1024"
    },
    {
      "key": "uploadSpeed",
      "compareType": "smaller",
      "value": "10*1024"
    },
    {
      "key": "category",
      "compareType": "notContain",
      "value": "keep,KEEP"
    },
    {
      "key": "state",
      "compareType": "equals",
      "value": "downloading"
    },
    {
      "key": "progress",
      "compareType": "bigger",
      "value": "0.01"
    }
  ],
  "alias": "黑车（只有下载没有上传）",
  "type": "normal",
  "priority": 0,
  "code": "(maindata, torrent) => {\n  const categoryList = [\"keep\"];\n  const { state, category, uploadSpeed, downloadSpeed } = torrent;\n  if (categoryList.indexOf(category) !== -1) {\n    return false;\n  }\nif (\n    maindata.leechingCount <= 4\n  ) {\n    return false;\n  }\n  if (\n    state == \"downloading\" &&\n    downloadSpeed >= util.calSize(4, \"MiB\") &&\n    downloadSpeed / uploadSpeed >= 2\n  ) {\n    return true;\n  }\n\n  return false;\n};",
  "fitTime": "300",
  "used": false,
  "deleteNum": "1"
}